{"last_tab":"37","ct_mode":"multi-listing","ct_boxed":"full-width","ct_heading_font":"Montserrat","ct_body_font":"Lato","ct_rtl":"no","ct_sticky_header":"yes","ct_trans_header":"no","ct_header_style":"three","ct_header_layout":"left","ct_logo":{"url":"","id":"","height":"","width":"","thumbnail":""},"ct_logo_highres":{"url":"","id":"","height":"","width":"","thumbnail":""},"ct_text_logo":"no","ct_top_bar":"no","ct_contact_phone_header_display_icon":"yes","ct_contact_phone_header_icon":"fa-mobile","ct_contact_phone_header":"Call Us Today: 1-888-999-5454","ct_header_currency_switcher":"yes","ct_header_social":"yes","ct_social_new_tab":"no","ct_fb_url":"#","ct_twitter_url":"#","ct_linkedin_url":"#","ct_googleplus_url":"","ct_youtube_url":"","ct_dribbble_url":"","ct_pinterest_url":"","ct_instagram_url":"#","ct_github_url":"","ct_vk_url":"","ct_contact_url":"","ct_header_info_one_title":"Contact Us","ct_header_info_one_text":"1-888-555-7896","ct_header_info_one_icon":"fa-phone","ct_header_info_two_title":"101 First Ave","ct_header_info_two_text":"San Diego, CA","ct_header_info_two_icon":"fa-map-marker","ct_header_info_three_title":"8AM-5PM","ct_header_info_three_text":"Monday-Friday","ct_header_info_three_icon":"fa-clock-o","ct_home_layout":{"disabled":{"placebo":"placebo","slider":"FlexSlider","revslider":"Revolution Slider","listings_search":"Listings Search","cta":"Call To Action","dsidxpress_search":"IDX Search","widgets":"Four Column Widgets","hero_search":"Hero w\/Search"},"enabled":{"placebo":"placebo","listings_carousel":"Listings Carousel","page_builder_four":"Page Builder 4","builder":"Page Builder 1","featured_listings":"Featured Listings","page_builder_two":"Page Builder 2","page_builder_three":"Page Builder 3","map":"Featured Map","testimonials":"Testimonials","partners":"Partners"}},"ct_home_rev_slider_alias":"home-realestate","ct_flex_slider":[{"title":"","description":"","url":"","sort":"","attachment_id":"","thumb":"","image":"","height":"","width":""}],"ct_home_listing_carousel_status":"featured","ct_home_listing_carousel_items":"3","ct_hero_search_bg":{"url":"","id":"","height":"","width":"","thumbnail":""},"ct_hero_search_bg_video":{"url":"http:\/\/contempothemes.com\/wp-real-estate-7\/multi-four-demo\/wp-content\/uploads\/2017\/04\/background-video-2.mp4","id":"2466","height":"720","width":"1280","thumbnail":"http:\/\/contempothemes.com\/wp-real-estate-7\/multi-four-demo\/wp-includes\/images\/media\/video.png"},"ct_hero_search_bg_video_placeholder":{"url":"http:\/\/contempothemes.com\/wp-real-estate-7\/multi-four-demo\/wp-content\/uploads\/2017\/04\/background-video-placeholder.jpg","id":"2467","height":"720","width":"1280","thumbnail":"http:\/\/contempothemes.com\/wp-real-estate-7\/multi-four-demo\/wp-content\/uploads\/2017\/04\/background-video-placeholder.jpg"},"ct_hero_search_heading":"Find Your New Home","ct_hero_search_sub_heading":"Its just a few clicks away","ct_hero_search_top_pad":"15","ct_hero_search_btm_pad":"15","ct_cta":"<h3 class=\"marT0 marB10\">A Responsive & Feature Rich Real Estate Theme for WordPress!<\/h3><p class=\"lead muted\">Chock full of awesomeness, this is one you can't afford to pass up, <a href=\"#\">Buy It Today<\/a>!<\/p>","ct_cta_bg_img":{"url":"http:\/\/contempothemes.com\/wp-real-estate-7\/multi-four-demo\/wp-content\/uploads\/2013\/06\/114387_california-5380moonlightlane-02-1.jpg","id":"658","height":"822","width":"1280","thumbnail":"http:\/\/contempothemes.com\/wp-real-estate-7\/multi-four-demo\/wp-content\/uploads\/2013\/06\/114387_california-5380moonlightlane-02-1.jpg"},"ct_cta_bg_color":"","ct_home_featured_title":"Featured Listings","ct_home_featured_num":"3","ct_home_featured_btn":"yes","ct_home_featured_order":"no","ct_home_testimonials_style":"testimonials-style-one","ct_home_testimonials":[{"title":"The Brown Family","description":"\"Thank you for your quick and clear responses. They are much appreciated. This was a site that needed to go up fast and it has \u2013 customizations and all!\"","url":"","sort":"0","attachment_id":"608","thumb":"http:\/\/contempothemes.com\/wp-real-estate-7\/multi-four-demo\/wp-content\/uploads\/2012\/08\/1-1.png","image":"http:\/\/contempothemes.com\/wp-real-estate-7\/multi-four-demo\/wp-content\/uploads\/2012\/08\/1-1.png","height":"340","width":"1100"},{"title":"The Lewis Family","description":"\"Chris has been the best. He has helped me through my site build the whole way! Thanks for the great theme and support Chris!!!\"","url":"","sort":"1","attachment_id":"609","thumb":"http:\/\/contempothemes.com\/wp-real-estate-7\/multi-four-demo\/wp-content\/uploads\/2012\/08\/2-1.png","image":"http:\/\/contempothemes.com\/wp-real-estate-7\/multi-four-demo\/wp-content\/uploads\/2012\/08\/2-1.png","height":"340","width":"1100"},{"title":"The Taft Family","description":"\"I have to say, I am impressed by your level of support for a Wordpress theme. you have made a great theme and I really appreciate your time and effort. Thank you!\"","url":"","sort":"2","attachment_id":"610","thumb":"http:\/\/contempothemes.com\/wp-real-estate-7\/multi-four-demo\/wp-content\/uploads\/2012\/08\/3-1.png","image":"http:\/\/contempothemes.com\/wp-real-estate-7\/multi-four-demo\/wp-content\/uploads\/2012\/08\/3-1.png","height":"340","width":"1100"},{"title":"The Johnson Family","description":"\"For the potential buyer don\u2019t hesitate to buy this theme, Chris is very helpful and the theme is amazing! I will definitely be purchasing from him again!\"","url":"","sort":"3","attachment_id":"611","thumb":"http:\/\/contempothemes.com\/wp-real-estate-7\/multi-four-demo\/wp-content\/uploads\/2012\/08\/4-1.png","image":"http:\/\/contempothemes.com\/wp-real-estate-7\/multi-four-demo\/wp-content\/uploads\/2012\/08\/4-1.png","height":"340","width":"1100"}],"ct_partner_title":"Partners","ct_partner_logos":[{"title":"Logo 1","description":"","url":"#","sort":"0","attachment_id":"814","thumb":"http:\/\/contempothemes.com\/wp-real-estate-7\/multi-four-demo\/wp-content\/uploads\/2015\/07\/1-4.png","image":"http:\/\/contempothemes.com\/wp-real-estate-7\/multi-four-demo\/wp-content\/uploads\/2015\/07\/1-4.png","height":"141","width":"214"},{"title":"Logo 2","description":"","url":"#","sort":"1","attachment_id":"813","thumb":"http:\/\/contempothemes.com\/wp-real-estate-7\/multi-four-demo\/wp-content\/uploads\/2015\/07\/5-4.png","image":"http:\/\/contempothemes.com\/wp-real-estate-7\/multi-four-demo\/wp-content\/uploads\/2015\/07\/5-4.png","height":"141","width":"214"},{"title":"Logo 3","description":"","url":"","sort":"2","attachment_id":"812","thumb":"http:\/\/contempothemes.com\/wp-real-estate-7\/multi-four-demo\/wp-content\/uploads\/2015\/07\/2-4.png","image":"http:\/\/contempothemes.com\/wp-real-estate-7\/multi-four-demo\/wp-content\/uploads\/2015\/07\/2-4.png","height":"141","width":"214"},{"title":"Logo 4","description":"","url":"#","sort":"3","attachment_id":"811","thumb":"http:\/\/contempothemes.com\/wp-real-estate-7\/multi-four-demo\/wp-content\/uploads\/2015\/07\/3-4.png","image":"http:\/\/contempothemes.com\/wp-real-estate-7\/multi-four-demo\/wp-content\/uploads\/2015\/07\/3-4.png","height":"141","width":"214"},{"title":"Logo 5","description":"","url":"#","sort":"4","attachment_id":"810","thumb":"http:\/\/contempothemes.com\/wp-real-estate-7\/multi-four-demo\/wp-content\/uploads\/2015\/07\/4-4.png","image":"http:\/\/contempothemes.com\/wp-real-estate-7\/multi-four-demo\/wp-content\/uploads\/2015\/07\/4-4.png","height":"141","width":"214"},{"title":"Logo 6","description":"","url":"#","sort":"5","attachment_id":"815","thumb":"http:\/\/contempothemes.com\/wp-real-estate-7\/multi-four-demo\/wp-content\/uploads\/2015\/07\/6-4.png","image":"http:\/\/contempothemes.com\/wp-real-estate-7\/multi-four-demo\/wp-content\/uploads\/2015\/07\/6-4.png","height":"141","width":"214"}],"ct_partner_new_tab":"no","ct_home_page_builder_id":"2974","ct_home_page_builder_two_id":"2166","ct_home_page_builder_three_id":"2269","ct_home_page_builder_four_id":"2970","ct_flex_animation":"fade","ct_flex_direction":"horizontal","ct_flex_speed":"7000","ct_flex_duration":"600","ct_flex_randomize":"false","ct_enable_smootheight":"","ct_use_styles":"no","ct_use_typostyles":"off","ct_body_typography":{"font-family":"Lato","font-options":"","google":"1","font-backup":"","font-weight":"","font-style":"Normal","subsets":"","text-align":"","font-size":"16px","line-height":"30px","color":"#191919"},"ct_heading_typography":{"font-family":"Montserrat","font-options":"","google":"1","font-backup":"","font-weight":"","font-style":"Normal","subsets":"","text-align":"","color":"#191919"},"ct_heading_one_size":{"text-align":"","font-size":"2.875em","line-height":"1.25em","color":"#191919"},"ct_heading_two_size":{"text-align":"","font-size":"2.1875em","line-height":"1.25em","color":"#191919"},"ct_heading_three_size":{"text-align":"","font-size":"1.75em","line-height":"1.25em","color":"#191919"},"ct_heading_four_size":{"text-align":"","font-size":"1.3125em","line-height":"1.25em","color":"#191919"},"ct_heading_five_size":{"text-align":"","font-size":"1.0625em","line-height":"1.25em","color":"#191919"},"ct_heading_six_size":{"text-align":"","font-size":"0.875em","line-height":"1.25em","color":"#191919"},"ct_background":{"background-color":"","background-repeat":"","background-size":"","background-attachment":"","background-position":"","background-image":"","media":{"id":"","height":"","width":"","thumbnail":""}},"ct_header_bar_color":"","ct_header_bar_border_color":"","ct_header_bar_text_color":"","ct_header_bar_user_bg_color":"","ct_header_bar_user_link_color":"","ct_header_bar_user_btm_border_color":"","ct_header_background":{"color":"","alpha":"1","rgba":"rgba(0,0,0,1)"},"ct_header_two_nav_background":{"color":"","alpha":"1","rgba":""},"ct_header_nav_current_bg":"","ct_header_nav_font_color":"","ct_header_nav_btn_outline":"","ct_mobile_btn_bg_color":{"color":"","alpha":"1","rgba":""},"ct_mobile_btn_icon_color":"","ct_mobile_menu_bg_color":"","ct_mobile_menu_link_color":{"color":"","alpha":"1","rgba":""},"ct_mobile_menu_link_border_bottom_color":{"color":"","alpha":"1","rgba":""},"ct_mobile_menu_link_hover_color":{"color":"","alpha":"1","rgba":""},"ct_mobile_menu_link_hover_bg_color":"","ct_mobile_menu_sub_arrow_color":{"color":"","alpha":"1","rgba":""},"ct_secondary_bg_color":"","ct_dark_overlay_background":{"color":"","alpha":"1","rgba":"rgba(0,0,0,1)"},"ct_listing_heading_font_color":"","ct_listing_font_color":"","ct_listing_border_bottom_color":"","ct_listing_background_color":"","ct_price_bg":"","ct_map_toggle":"","ct_featured_view_all":"","ct_listing_more_info_font_color":"","ct_widget_header_bg_color":"","ct_link_color":"","ct_visited_color":"","ct_hover_color":"","ct_active_color":"","ct_footer_border_top_color":"","ct_footer_widget_background":"","ct_footer_widget_heading_color":"","ct_footer_widget_font_color":"","ct_footer_background":"","ct_footer_bg_img":{"url":"","id":"","height":"","width":"","thumbnail":""},"ct_footer_link_color":"","ct_agents_assign":"no","ct_agents_ordering":"no","ct_agent_layout":"agent-wide","ct_agent_single_listings":"no","ct_brokerage_layout":"brokerage-wide","ct_brokerage_reviews":"no","ct_google_maps_api_key":"","ct_contact_map_type":"ROADMAP","ct_google_maps_style":"custom","ct_home_adv_search_fields":{"disabled":{"placebo":"placebo","zipcode":"Zipcode","city":"City","state":"State","country":"Country","numguests":"Num of Guests","keyword":"Keyword"},"enabled":{"placebo":"placebo","type":"Type","status":"Status","beds":"Beds","baths":"Baths","price_from":"Price From","price_to":"Price To","sqft_from":"Size From","sqft_to":"Size To","lotsize_from":"Lot Size From","lotsize_to":"Lot Size To","community":"Community","mls":"Property ID","additional_features":"Additional Features"}},"ct_enable_adv_search_page":"yes","ct_adv_search_page":"1529","ct_header_listing_search":"yes","ct_header_adv_search_fields":{"disabled":{"placebo":"placebo","header_beds":"Beds","header_baths":"Baths","header_status":"Status","header_price_from":"Price From","header_price_to":"Price To","header_additional_features":"Additional Features","header_country":"Country","header_community":"Community","header_mls":"Property ID","header_numguests":"Num of Guests","header_sqft_from":"Size From","header_sqft_to":"Size To","header_lotsize_from":"Lot Size From","header_lotsize_to":"Lot Size To","header_type":"Type"},"enabled":{"placebo":"placebo","header_keyword":"Keyword","header_city":"City","header_state":"State","header_zipcode":"Zipcode"}},"ct_home_adv_search_style":"search-style-one","ct_home_adv_search_title":"Find your home","ct_search_results_listing_style":"standard","ct_listings_login_register":"no","ct_currency":"$","ct_currency_placement":"before","ct_currency_decimal":"0","ct_listings_propinfo_property_type":"no","ct_use_propinfo_icons":"text","ct_sq":"sqft","ct_acres":"acres","ct_city_town_or_village":"city","ct_state_or_area":"state","ct_zip_or_post":"zipcode","ct_community_neighborhood_or_district":"community","ct_listings_slug":"listings","ct_listing_featured_image_cropping":"yes","ct_disable_google_maps_search":"no","ct_disable_listing_search_results_adv_search":"yes","ct_search_results_layout":"stacked","ct_listing_search_num":"6","ct_excerpt_length":"25","ct_listing_upcoming_open_house":"yes","ct_listing_creation_date":"yes","ct_listing_brokerage_name":"yes","ct_listing_single_layout":"listings-one","ct_listing_single_content_layout":"sidebar","ct_single_listing_main_layout":{"disabled":{"placebo":"placebo"},"enabled":{"placebo":"placebo","listing_header":"Header","listing_price":"Price","listing_prop_info":"Listing Info","listing_lead_media":"Image\/Slider","listing_nav":"Section Nav Bar","listing_content":"Content","listing_creation_date":"Creation Date","listing_contact":"Contact","listing_brokerage":"Brokerage","listing_sub_listings":"Sub Listings"}},"ct_single_listing_header_layout":{"disabled":{"placebo":"placebo"},"enabled":{"placebo":"placebo","listing_status":"Status","listing_title":"Title\/Address","listing_city_state_zip":"City\/State\/Post"}},"ct_single_listing_content_layout_type":"default","ct_single_listing_content_layout":{"disabled":{"placebo":"placebo","listing_booking_calendar":"Booking Calendar","listing_reviews":"Reviews"},"enabled":{"placebo":"placebo","listing_content":"Content","listing_open_house":"Open House","listing_floorplans":"Multi-Floorplan","listing_rental_info":"Rental Info","listing_features":"Features","listing_attachments":"Attachments","listing_video":"Video","listing_virtual_tour":"Virtual Tour","listing_yelp":"Whats Nearby","listing_map":"Map"}},"ct_single_listing_agent_details_layout":{"disabled":{"placebo":"placebo"},"enabled":{"placebo":"placebo","listing_agent_name":"Agent Name","listing_agent_image":"Agent Image","listing_agent_info":"Agent Info","listing_agent_social":"Agent Social"}},"ct_driving_directions":"no","ct_rentals_booking":"no","ct_multi_floorplan":"yes","ct_listing_reviews":"no","ct_listing_contact_form_7":"yes","ct_listing_contact_form_7_shortcode":"","ct_listing_tools":"yes","ct_single_listing_tools_layout":{"disabled":{"placebo":"placebo"},"enabled":{"placebo":"placebo","listing_twitter":"Twitter","listing_facebook":"Facebook","listing_linkedin":"LinkedIn","listing_google_plus":"Google+","listing_print":"Print"}},"ct_listing_agent_contact_cc":"no","ct_listing_agent_contact_cc_email_address":"","ct_listing_stats_on_off":"yes","ct_enable_walkscore":"yes","ct_walkscore_apikey":"ea141d8b848f94ecba99b9e16852335b","ct_listing_lat_long":"on","ct_enable_yelp_nearby":"yes","ct_yelp_amenities":{"disabled":{"placebo":"placebo","banks":"Banks","bars":"Bars","gas_station":"Gas Station","hospitals":"Hospitals"},"enabled":{"placebo":"placebo","restaurant":"Restaurants","coffee_shops":"Coffee Shops","grocery":"Grocery","schools":"Schools"}},"ct_google_places_radius":"30000","ct_yelp_limit":"3","ct_google_places_individual_link":"yes","ct_yelp_links":"_blank","ct_enable_front_end_login":"yes","ct_enable_front_end_registration":"yes","ct_registered_user_role":"contributor","ct_profile":"614","ct_enable_front_end":"yes","ct_auto_publish":"pending","ct_generate_listing_id":"no","ct_submit_rental_info":"","ct_enable_front_end_paid":"yes","ct_submission_currency":"$","ct_currency_code":"USD","ct_price":"20","ct_price_featured":"5","ct_listing_expiration":"","ct_submit":"623","ct_edit":"626","ct_view":"629","ct_front_submit_street_address":"not_required","ct_front_submit_alt_title":"not_required","ct_front_submit_type":"not_required","ct_front_submit_status":"not_required","ct_front_submit_price":"not_required","ct_front_submit_price_prefix":"not_required","ct_front_submit_price_postfix":"not_required","ct_front_submit_beds":"not_required","ct_front_submit_baths":"not_required","ct_front_submit_size":"not_required","ct_front_submit_property_id":"not_required","ct_front_submit_video_url":"not_required","ct_front_submit_open_house_date":"not_required","ct_front_submit_open_house_start_time":"not_required","ct_front_submit_open_house_end_time":"not_required","ct_front_submit_additional_features":"not_required","ct_front_submit_max_guests":"not_required","ct_front_submit_min_stay":"not_required","ct_front_submit_check_in":"not_required","ct_front_submit_check_out":"not_required","ct_front_submit_extra_person":"not_required","ct_front_submit_cleaning_fee":"not_required","ct_front_submit_cancellation_fee":"not_required","ct_front_submit_security_deposit":"not_required","ct_front_submit_address":"not_required","ct_front_submit_city":"not_required","ct_front_submit_state":"not_required","ct_front_submit_zip_post":"not_required","ct_front_submit_country":"not_required","ct_front_submit_community":"not_required","ct_front_submit_lat_long":"not_required","ct_front_submit_private_notes":"not_required","ct_enable_paypal":"no","ct_paypal_merchant_ID":"CPSBQ5D5FVCX4","ct_client_secret_key":"EB3qzMtrcWU_ADjee_98s2P4Y5P0k-5kotLBXGk-yfbZWkfZNkBFaFAdEepvI-atHZuN8Xo3htuY1n5u","ct_paypal_mode":"sandbox","ct_paypal_api_username":"","ct_paypal_api_password":"","ct_paypal_api_signature":"","ct_paypal_email":"","ct_enable_stripe":"no","ct_stripe_publishable_key":"","ct_stripe_secret_key":"","ct_enable_wire_transfer":"no","ct_wire_transfer_instructions":"","ct_listing_email_alerts_page_id":"1902","ct_listing_email_alerts_interval":"daily","ct_email_alerts_header_content":"","ct_email_alerts_footer_content":"","ct_email_alerts_footer_company_info":"","ct_fav_only_reg_users":"no","ct_saved_listings":"632","ct_favorite_posts_contact_email":"","ct_archive_layout":"sidebar","ct_archive_header":"yes","ct_post_archive_layout":"full-width","ct_post_layout":"sidebar","ct_author_img":"yes","ct_post_meta":"yes","ct_post_social":"yes","ct_post_tags":"yes","ct_author_info":"yes","ct_related_posts":"yes","ct_post_nav":"yes","ct_post_comments":"yes","ct_contact_email":"test@test.com","ct_contact_success":"Thanks, we'll be getting back to you shortly!","ct_contact_map":"yes","ct_contact_map_location":"849 West Harbor Dr. San Diego, CA 92108","ct_contact_multiple_locations":"off","ct_contact_map_location_one":"849 West Harbor Dr. San Diego, CA 92101","ct_contact_map_location_image":{"url":"http:\/\/contempothemes.com\/wp-real-estate-7\/multi-four-demo\/wp-content\/uploads\/2016\/07\/1.jpg","id":"2061","height":"395","width":"700","thumbnail":"http:\/\/contempothemes.com\/wp-real-estate-7\/multi-four-demo\/wp-content\/uploads\/2016\/07\/1.jpg"},"ct_contact_map_location_two":"700 Prospect St, La Jolla, CA 92037","ct_contact_map_location_two_image":{"url":"http:\/\/contempothemes.com\/wp-real-estate-7\/multi-four-demo\/wp-content\/uploads\/2016\/07\/2.jpg","id":"2062","height":"395","width":"700","thumbnail":"http:\/\/contempothemes.com\/wp-real-estate-7\/multi-four-demo\/wp-content\/uploads\/2016\/07\/2.jpg"},"ct_contact_map_location_three":"3115 Ocean Front Walk, San Diego, CA 92109","ct_contact_map_location_three_image":{"url":"http:\/\/contempothemes.com\/wp-real-estate-7\/multi-four-demo\/wp-content\/uploads\/2016\/07\/3.jpg","id":"2063","height":"395","width":"700","thumbnail":"http:\/\/contempothemes.com\/wp-real-estate-7\/multi-four-demo\/wp-content\/uploads\/2016\/07\/3.jpg"},"ct_contact_map_location_four":"7510 Hazard Center Dr, San Diego, CA 92108","ct_contact_map_location_four_image":{"url":"http:\/\/contempothemes.com\/wp-real-estate-7\/multi-four-demo\/wp-content\/uploads\/2016\/07\/4.jpg","id":"2064","height":"395","width":"700","thumbnail":"http:\/\/contempothemes.com\/wp-real-estate-7\/multi-four-demo\/wp-content\/uploads\/2016\/07\/4.jpg"},"ct_custom_css":".home #map-wrap,\r\n.home .testimonials { margin: 0;}\r\n\r\n.page-template-template-demo-home-listings-slider #header-wrap { z-index: 999999; background: none;}\r\n    .page-template-template-demo-home-listings-slider #topbar-wrap,\r\n    .page-template-template-demo-home-listings-slider #header-search-wrap { display: none;}\r\n    .page-template-template-demo-home-listings-slider-content #main-content { position: relative; top: -149px;}\r\n\r\n.page-id-2611 #main-content { margin-bottom: -48px !important; background: #000;}\r\n\r\n.hero-search h1, .hero-search h2 { text-shadow: 0px 0px 20px #777;}\r\n\r\n.page-builder-three { padding: 3% 0 6% 0; background: url('http:\/\/contempothemes.com\/wp-real-estate-7\/images\/street-map.png'); background-size: cover; text-align: center;}\r\n    .page-builder h2,\r\n    .page-builder-three h3{ margin-bottom: 0; text-transform: uppercase; color: #fff; font-weight: 800;}\r\n        .page-builder-three p.lead { margin-bottom: 3%;}\r\n\r\n.page-id-1211 .wpb_button, .wpb_content_element, ul.wpb_thumbnails-fluid>li { margin-bottom: 0;}\r\n.page-id-1211 h4 { color: #fff;}\r\n#compare-list aside { border-top-right-radius: 0; border-bottom-right-radius: 0;}\r\n[data-tooltip]:before { position: absolute; bottom: 120%; left: 115%; margin-bottom: 5px; margin-left: -60px; padding: 7px; width: 60px; -webkit-border-radius: 3px; -moz-border-radius: 3px; border-radius: 3px; background-color: #000; background-color: hsla(0, 0%, 0%, 0.9); color: #fff; content: attr(data-tooltip); text-align: center; font-size: 10px; text-transform: uppercase; line-height: 1.2;}\r\n\t\t[data-tooltip]:after { position: absolute; bottom: 120%; left: 50%; margin-left: -5px; width: 0; border-top: 5px solid #000; border-top: 5px solid hsla(0, 0%, 0%, 0.9); border-right: 5px solid transparent; border-left: 5px solid transparent; content: \" \";\t  font-size: 0;line-height: 0;}\r\n\r\nh2.wpb_video_heading { font-size: 1.35em; text-align: center; border: 1px solid #d5d9dd; border-top-right-radius: 3px; border-top-left-radius: 3px; background: #efefef; margin: 0; padding: 32px 0;}\r\n.wpb_video_widget .wpb_video_wrapper { background: #ccc;}\r\n\r\n#page .vc_cta3-style-classic { margin-top: 10%;}\r\n\r\nul.propfeatures.col.span_6 { list-style: none;}\r\nul.attachments.col.span_4 { list-style: none;}\r\n\r\n@media only screen and (max-width: 479px) {\r\n#advanced_search.header-search select { width: 100% !important;}\r\n}","ct_custom_js":"jQuery(\".page-id-614 input#email,.page-id-614 input#pass1,.page-id-614 input#pass2\").attr(\"disabled\", true);\r\n\r\njQuery( \"#ct_login_form #ct_user_login\" ).append( \" (demo)\" );\r\njQuery( \"#ct_login_form #ct_user_pass\" ).append( \" (demo)\" );","ct_footer_widget":"yes","ct_footer_background_img":{"url":"","id":"","height":"","width":"","thumbnail":""},"ct_footer_text":"","ct_footer_back_to_top":"yes","redux-backup":"1"}