{"listings-single-right":{"ct_mortgagecalculator-2":{"title":"Mortgage Calculator","currency":"$"},"ct_agentsotherlistings-1":{"title":"","number":"4","taxonomy":"property_type","tag":""}},"left-sidebar-pages":{"ct_listingssearch-3":{"title":"Listings Search"}},"right-sidebar-pages":{"ct_listings-2":{"title":"","number":"2","taxonomy":"property_type","tag":"","viewalltext":"","viewalllink":""},"ct_social-1":{"title":"Follow Us","dribbble":"#","email":"","facebook":"#","flickr":"#","foursquare":"#","github":"#","googleplus":"#","instagram":"#","linkedin":"#","pinterest":"#","skype":"#","twitter":"#","youtube":"#","links":"_self"}},"right-sidebar-blog":{"ct_agentinfo-1":{"title":""},"ct_listings-3":{"title":"","number":"3","taxonomy":"property_type","tag":"","viewalltext":"","viewalllink":""},"ct_tabs-2":{"number":"3","order":"latest"}},"right-sidebar-single":{"ct_listingssearch-2":{"title":"Listings Search"},"ct_latest-1":{"title":"Latest Posts","number":"3"}},"right-sidebar-contact":{"ct_contactinfo-1":{"logo":"No","title":"Contact Details","blurb":"Based out of San Diego, CA, Contempo is a small web design studio headed up by designer Chris Robinson.","company":"","street":"555 Somewhere st.","city":"San Diego","state":"CA","postal":"92101","country":"","phone":"619-555-4897","email":"contact@yourdomain.com","facebook":"#","twitter":"#","googleplus":"#","linkedin":"#","pinterest":"","instagram":"#"}},"compare":{"alike_widget-4":{"title":"Compare","page_id":"2791"}},"footer":{"ct_contactinfo-2":{"logo":"Yes","title":"","blurb":"Based out of San Diego, CA, Contempo is a small web design studio headed up by designer Chris Robinson. I specialize in beautifully simple & usable Web Design, Premium WordPress Themes, Site Templates, Stock Art & Freebies!","company":"","street":"101 Front St.","city":"San Diego","state":"CA","postal":"92101","country":"","phone":"619-555-9785","email":"mail@yourdomain.com","facebook":"#","twitter":"contempoinc","googleplus":"#","linkedin":"#","pinterest":"","instagram":"#"},"ct_latest-2":{"title":"Latest Posts","number":"3"},"ct_listings-4":{"title":"Featured Listing","number":"1","taxonomy":"ct_status","tag":"featured","viewalltext":"","viewalllink":""},"ct_social-2":{"title":"Follow Us","dribbble":"#","email":"#","facebook":"#","flickr":"#","foursquare":"#","github":"#","googleplus":"#","instagram":"#","linkedin":"#","pinterest":"#","skype":"#","twitter":"#","youtube":"#","links":"_self"}}}